案場名稱,年份,月份,時間分類,平均使用率,實際資料筆數,裝置容量,理論時段數,資料完整率
中威大安 (wind),2022,1,mid-peak,2.79,2180,75.9,2340,93.16
中威大安 (wind),2022,1,off-peak,2.82,2044,75.9,2124,96.23
中威大安 (wind),2022,2,mid-peak,3.11,2160,75.9,2160,100.0
中威大安 (wind),2022,2,off-peak,3.17,1872,75.9,1872,100.0
中威大安 (wind),2022,3,mid-peak,1.61,2430,75.9,2430,100.0
中威大安 (wind),2022,3,off-peak,1.44,2034,75.9,2034,100.0
中威大安 (wind),2022,4,mid-peak,1.75,2340,75.9,2340,100.0
中威大安 (wind),2022,4,off-peak,1.66,1980,75.9,1980,100.0
中威大安 (wind),2022,5,mid-peak,11.15,1872,75.9,1908,98.11
中威大安 (wind),2022,5,off-peak,5.76,2037,75.9,2124,95.9
中威大安 (wind),2022,5,peak,21.49,432,75.9,432,100.0
中威大安 (wind),2022,6,mid-peak,14.92,1506,75.9,1548,97.29
中威大安 (wind),2022,6,off-peak,13.01,1949,75.9,1980,98.43
中威大安 (wind),2022,6,peak,7.86,757,75.9,792,95.58
中威大安 (wind),2022,7,mid-peak,13.25,1580,75.9,1584,99.75
中威大安 (wind),2022,7,off-peak,8.82,2124,75.9,2124,100.0
中威大安 (wind),2022,7,peak,8.9,756,75.9,756,100.0
中威大安 (wind),2022,8,mid-peak,20.69,1596,75.9,1602,99.63
中威大安 (wind),2022,8,off-peak,21.0,2034,75.9,2034,100.0
中威大安 (wind),2022,8,peak,19.38,828,75.9,828,100.0
中威大安 (wind),2022,9,mid-peak,19.8,1548,75.9,1548,100.0
中威大安 (wind),2022,9,off-peak,19.9,1980,75.9,1980,100.0
中威大安 (wind),2022,9,peak,18.42,792,75.9,792,100.0
中威大安 (wind),2022,10,mid-peak,54.73,1976,75.9,1980,99.8
中威大安 (wind),2022,10,off-peak,47.86,2124,75.9,2124,100.0
中威大安 (wind),2022,10,peak,52.38,348,75.9,360,96.67
中威大安 (wind),2022,11,mid-peak,22.46,2329,75.9,2340,99.53
中威大安 (wind),2022,11,off-peak,17.72,1980,75.9,1980,100.0
中威大安 (wind),2022,12,mid-peak,66.03,2424,75.9,2430,99.75
中威大安 (wind),2022,12,off-peak,69.47,2033,75.9,2034,99.95
中威大安 (wind),2023,1,mid-peak,56.15,2328,75.9,2340,99.49
中威大安 (wind),2023,1,off-peak,53.29,2124,75.9,2124,100.0
中威大安 (wind),2023,2,mid-peak,58.49,2159,75.9,2160,99.95
中威大安 (wind),2023,2,off-peak,56.02,1871,75.9,1872,99.95
中威大安 (wind),2023,3,mid-peak,29.53,2339,75.9,2430,96.26
中威大安 (wind),2023,3,off-peak,34.16,2026,75.9,2034,99.61
中威大安 (wind),2023,4,mid-peak,16.62,2140,75.9,2250,95.11
中威大安 (wind),2023,4,off-peak,17.39,1884,75.9,2070,91.01
中威大安 (wind),2023,5,mid-peak,10.3,1995,75.9,1998,99.85
中威大安 (wind),2023,5,off-peak,8.04,2034,75.9,2034,100.0
中威大安 (wind),2023,5,peak,1.51,432,75.9,432,100.0
中威大安 (wind),2023,6,mid-peak,0.51,1543,75.9,1548,99.68
中威大安 (wind),2023,6,off-peak,0.5,1980,75.9,1980,100.0
中威大安 (wind),2023,6,peak,0.31,790,75.9,792,99.75
中威大安 (wind),2023,7,mid-peak,0.52,1507,75.9,1584,95.14
中威大安 (wind),2023,7,off-peak,0.31,2056,75.9,2124,96.8
中威大安 (wind),2023,7,peak,0.53,665,75.9,756,87.96
中威大安 (wind),2023,8,mid-peak,0.92,1574,75.9,1602,98.25
中威大安 (wind),2023,8,off-peak,0.68,2031,75.9,2034,99.85
中威大安 (wind),2023,8,peak,0.73,775,75.9,828,93.6
中威大安 (wind),2023,9,mid-peak,0.0,1567,75.9,1584,98.93
中威大安 (wind),2023,9,off-peak,0.0,1964,75.9,1980,99.19
中威大安 (wind),2023,9,peak,0.0,754,75.9,756,99.74
中威大安 (wind),2023,10,mid-peak,0.0,1961,75.9,1980,99.04
中威大安 (wind),2023,10,off-peak,0.0,2120,75.9,2124,99.81
中威大安 (wind),2023,10,peak,0.0,342,75.9,360,95.0
中威大安 (wind),2023,11,mid-peak,0.0,2338,75.9,2340,99.91
中威大安 (wind),2023,11,off-peak,0.0,1980,75.9,1980,100.0
中威大安 (wind),2023,12,mid-peak,0.0,2324,75.9,2340,99.32
中威大安 (wind),2023,12,off-peak,0.0,1961,75.9,2124,92.33
中部小水力 (hydro),2022,1,mid-peak,0.0,2180,9.8,2340,93.16
中部小水力 (hydro),2022,1,off-peak,0.0,2044,9.8,2124,96.23
中部小水力 (hydro),2022,2,mid-peak,0.0,2160,9.8,2160,100.0
中部小水力 (hydro),2022,2,off-peak,0.0,1872,9.8,1872,100.0
中部小水力 (hydro),2022,3,mid-peak,0.0,2430,9.8,2430,100.0
中部小水力 (hydro),2022,3,off-peak,0.0,2034,9.8,2034,100.0
中部小水力 (hydro),2022,4,mid-peak,0.0,2340,9.8,2340,100.0
中部小水力 (hydro),2022,4,off-peak,0.0,1980,9.8,1980,100.0
中部小水力 (hydro),2022,5,mid-peak,0.0,1872,9.8,1908,98.11
中部小水力 (hydro),2022,5,off-peak,0.0,2037,9.8,2124,95.9
中部小水力 (hydro),2022,5,peak,0.0,432,9.8,432,100.0
中部小水力 (hydro),2022,6,mid-peak,0.0,1506,9.8,1548,97.29
中部小水力 (hydro),2022,6,off-peak,0.0,1949,9.8,1980,98.43
中部小水力 (hydro),2022,6,peak,0.0,757,9.8,792,95.58
中部小水力 (hydro),2022,7,mid-peak,0.0,1580,9.8,1584,99.75
中部小水力 (hydro),2022,7,off-peak,0.0,2124,9.8,2124,100.0
中部小水力 (hydro),2022,7,peak,0.0,756,9.8,756,100.0
中部小水力 (hydro),2022,8,mid-peak,0.0,1596,9.8,1602,99.63
中部小水力 (hydro),2022,8,off-peak,0.0,2034,9.8,2034,100.0
中部小水力 (hydro),2022,8,peak,0.0,828,9.8,828,100.0
中部小水力 (hydro),2022,9,mid-peak,0.0,1548,9.8,1548,100.0
中部小水力 (hydro),2022,9,off-peak,0.0,1980,9.8,1980,100.0
中部小水力 (hydro),2022,9,peak,0.0,792,9.8,792,100.0
中部小水力 (hydro),2022,10,mid-peak,0.0,1976,9.8,1980,99.8
中部小水力 (hydro),2022,10,off-peak,0.0,2124,9.8,2124,100.0
中部小水力 (hydro),2022,10,peak,0.0,348,9.8,360,96.67
中部小水力 (hydro),2022,11,mid-peak,0.0,2329,9.8,2340,99.53
中部小水力 (hydro),2022,11,off-peak,0.0,1980,9.8,1980,100.0
中部小水力 (hydro),2022,12,mid-peak,0.0,2424,9.8,2430,99.75
中部小水力 (hydro),2022,12,off-peak,0.0,2033,9.8,2034,99.95
中部小水力 (hydro),2023,1,mid-peak,0.0,2328,9.8,2340,99.49
中部小水力 (hydro),2023,1,off-peak,0.0,2124,9.8,2124,100.0
中部小水力 (hydro),2023,2,mid-peak,0.0,2159,9.8,2160,99.95
中部小水力 (hydro),2023,2,off-peak,0.0,1871,9.8,1872,99.95
中部小水力 (hydro),2023,3,mid-peak,0.0,2339,13.8,2430,96.26
中部小水力 (hydro),2023,3,off-peak,0.0,2026,13.8,2034,99.61
中部小水力 (hydro),2023,4,mid-peak,0.0,2140,15.7,2250,95.11
中部小水力 (hydro),2023,4,off-peak,0.0,1884,15.7,2070,91.01
中部小水力 (hydro),2023,5,mid-peak,0.0,1995,15.7,1998,99.85
中部小水力 (hydro),2023,5,off-peak,0.0,2034,15.7,2034,100.0
中部小水力 (hydro),2023,5,peak,0.0,432,15.7,432,100.0
中部小水力 (hydro),2023,6,mid-peak,0.0,1543,15.7,1548,99.68
中部小水力 (hydro),2023,6,off-peak,0.0,1980,15.7,1980,100.0
中部小水力 (hydro),2023,6,peak,0.0,790,15.7,792,99.75
中部小水力 (hydro),2023,7,mid-peak,0.0,1507,15.7,1584,95.14
中部小水力 (hydro),2023,7,off-peak,0.0,2056,15.7,2124,96.8
中部小水力 (hydro),2023,7,peak,0.0,665,15.7,756,87.96
中部小水力 (hydro),2023,8,mid-peak,0.0,1574,19.2,1602,98.25
中部小水力 (hydro),2023,8,off-peak,0.0,2031,19.2,2034,99.85
中部小水力 (hydro),2023,8,peak,0.0,775,19.2,828,93.6
中部小水力 (hydro),2023,9,mid-peak,0.0,1567,19.2,1584,98.93
中部小水力 (hydro),2023,9,off-peak,0.0,1964,19.2,1980,99.19
中部小水力 (hydro),2023,9,peak,0.0,754,19.2,756,99.74
中部小水力 (hydro),2023,10,mid-peak,0.0,1961,19.2,1980,99.04
中部小水力 (hydro),2023,10,off-peak,0.0,2120,19.2,2124,99.81
中部小水力 (hydro),2023,10,peak,0.0,342,19.2,360,95.0
中部小水力 (hydro),2023,11,mid-peak,0.0,2338,19.2,2340,99.91
中部小水力 (hydro),2023,11,off-peak,0.0,1980,19.2,1980,100.0
中部小水力 (hydro),2023,12,mid-peak,0.0,2324,19.2,2340,99.32
中部小水力 (hydro),2023,12,off-peak,0.0,1961,19.2,2124,92.33
北部小水力 (hydro),2022,1,mid-peak,0.0,2180,26.6,2340,93.16
北部小水力 (hydro),2022,1,off-peak,0.0,2044,26.6,2124,96.23
北部小水力 (hydro),2022,2,mid-peak,0.0,2160,26.6,2160,100.0
北部小水力 (hydro),2022,2,off-peak,0.0,1872,26.6,1872,100.0
北部小水力 (hydro),2022,3,mid-peak,0.0,2430,26.6,2430,100.0
北部小水力 (hydro),2022,3,off-peak,0.0,2034,26.6,2034,100.0
北部小水力 (hydro),2022,4,mid-peak,0.0,2340,26.6,2340,100.0
北部小水力 (hydro),2022,4,off-peak,0.0,1980,26.6,1980,100.0
北部小水力 (hydro),2022,5,mid-peak,0.0,1872,26.6,1908,98.11
北部小水力 (hydro),2022,5,off-peak,0.0,2037,26.6,2124,95.9
北部小水力 (hydro),2022,5,peak,0.0,432,26.6,432,100.0
北部小水力 (hydro),2022,6,mid-peak,0.0,1506,26.6,1548,97.29
北部小水力 (hydro),2022,6,off-peak,0.0,1949,26.6,1980,98.43
北部小水力 (hydro),2022,6,peak,0.0,757,26.6,792,95.58
北部小水力 (hydro),2022,7,mid-peak,0.0,1580,26.6,1584,99.75
北部小水力 (hydro),2022,7,off-peak,0.0,2124,26.6,2124,100.0
北部小水力 (hydro),2022,7,peak,0.0,756,26.6,756,100.0
北部小水力 (hydro),2022,8,mid-peak,0.0,1596,26.6,1602,99.63
北部小水力 (hydro),2022,8,off-peak,0.0,2034,26.6,2034,100.0
北部小水力 (hydro),2022,8,peak,0.0,828,26.6,828,100.0
北部小水力 (hydro),2022,9,mid-peak,0.0,1548,26.6,1548,100.0
北部小水力 (hydro),2022,9,off-peak,0.0,1980,26.6,1980,100.0
北部小水力 (hydro),2022,9,peak,0.0,792,26.6,792,100.0
北部小水力 (hydro),2022,10,mid-peak,0.0,1976,26.6,1980,99.8
北部小水力 (hydro),2022,10,off-peak,0.0,2124,26.6,2124,100.0
北部小水力 (hydro),2022,10,peak,0.0,348,26.6,360,96.67
北部小水力 (hydro),2022,11,mid-peak,0.0,2329,26.6,2340,99.53
北部小水力 (hydro),2022,11,off-peak,0.0,1980,26.6,1980,100.0
北部小水力 (hydro),2022,12,mid-peak,0.0,2424,26.6,2430,99.75
北部小水力 (hydro),2022,12,off-peak,0.0,2033,26.6,2034,99.95
北部小水力 (hydro),2023,1,mid-peak,0.0,2328,26.6,2340,99.49
北部小水力 (hydro),2023,1,off-peak,0.0,2124,26.6,2124,100.0
北部小水力 (hydro),2023,2,mid-peak,0.0,2159,26.6,2160,99.95
北部小水力 (hydro),2023,2,off-peak,0.0,1871,26.6,1872,99.95
北部小水力 (hydro),2023,3,mid-peak,0.0,2339,26.6,2430,96.26
北部小水力 (hydro),2023,3,off-peak,0.0,2026,26.6,2034,99.61
北部小水力 (hydro),2023,4,mid-peak,0.0,2140,26.6,2250,95.11
北部小水力 (hydro),2023,4,off-peak,0.0,1884,26.6,2070,91.01
北部小水力 (hydro),2023,5,mid-peak,0.0,1995,26.6,1998,99.85
北部小水力 (hydro),2023,5,off-peak,0.0,2034,26.6,2034,100.0
北部小水力 (hydro),2023,5,peak,0.0,432,26.6,432,100.0
北部小水力 (hydro),2023,6,mid-peak,0.0,1543,26.6,1548,99.68
北部小水力 (hydro),2023,6,off-peak,0.0,1980,26.6,1980,100.0
北部小水力 (hydro),2023,6,peak,0.0,790,26.6,792,99.75
北部小水力 (hydro),2023,7,mid-peak,0.0,1507,26.6,1584,95.14
北部小水力 (hydro),2023,7,off-peak,0.0,2056,26.6,2124,96.8
北部小水力 (hydro),2023,7,peak,0.0,665,26.6,756,87.96
北部小水力 (hydro),2023,8,mid-peak,0.0,1574,26.6,1602,98.25
北部小水力 (hydro),2023,8,off-peak,0.0,2031,26.6,2034,99.85
北部小水力 (hydro),2023,8,peak,0.0,775,26.6,828,93.6
北部小水力 (hydro),2023,9,mid-peak,0.0,1567,26.6,1584,98.93
北部小水力 (hydro),2023,9,off-peak,0.0,1964,26.6,1980,99.19
北部小水力 (hydro),2023,9,peak,0.0,754,26.6,756,99.74
北部小水力 (hydro),2023,10,mid-peak,0.0,1961,26.6,1980,99.04
北部小水力 (hydro),2023,10,off-peak,0.0,2120,26.6,2124,99.81
北部小水力 (hydro),2023,10,peak,0.0,342,26.6,360,95.0
北部小水力 (hydro),2023,11,mid-peak,0.0,2338,26.6,2340,99.91
北部小水力 (hydro),2023,11,off-peak,0.0,1980,26.6,1980,100.0
北部小水力 (hydro),2023,12,mid-peak,0.0,2324,26.6,2340,99.32
北部小水力 (hydro),2023,12,off-peak,0.0,1961,26.6,2124,92.33
南鹽光 (solar),2022,1,mid-peak,7.96,2180,0.0,2340,93.16
南鹽光 (solar),2022,1,off-peak,10.15,2044,0.0,2124,96.23
南鹽光 (solar),2022,2,mid-peak,12.59,2160,150.0,2160,100.0
南鹽光 (solar),2022,2,off-peak,16.67,1872,150.0,1872,100.0
南鹽光 (solar),2022,3,mid-peak,9.97,2430,150.0,2430,100.0
南鹽光 (solar),2022,3,off-peak,12.71,2034,150.0,2034,100.0
南鹽光 (solar),2022,4,mid-peak,20.13,2340,150.0,2340,100.0
南鹽光 (solar),2022,4,off-peak,21.09,1980,150.0,1980,100.0
南鹽光 (solar),2022,5,mid-peak,21.36,1872,150.0,1908,98.11
南鹽光 (solar),2022,5,off-peak,12.11,2037,150.0,2124,95.9
南鹽光 (solar),2022,5,peak,4.34,432,150.0,432,100.0
南鹽光 (solar),2022,6,mid-peak,35.81,1506,150.0,1548,97.29
南鹽光 (solar),2022,6,off-peak,11.63,1949,150.0,1980,98.43
南鹽光 (solar),2022,6,peak,5.19,757,150.0,792,95.58
南鹽光 (solar),2022,7,mid-peak,39.74,1580,150.0,1584,99.75
南鹽光 (solar),2022,7,off-peak,11.73,2124,150.0,2124,100.0
南鹽光 (solar),2022,7,peak,6.14,756,150.0,756,100.0
南鹽光 (solar),2022,8,mid-peak,38.72,1596,150.0,1602,99.63
南鹽光 (solar),2022,8,off-peak,10.96,2034,150.0,2034,100.0
南鹽光 (solar),2022,8,peak,4.01,828,150.0,828,100.0
南鹽光 (solar),2022,9,mid-peak,37.94,1548,150.0,1548,100.0
南鹽光 (solar),2022,9,off-peak,9.69,1980,150.0,1980,100.0
南鹽光 (solar),2022,9,peak,3.96,792,150.0,792,100.0
南鹽光 (solar),2022,10,mid-peak,23.23,1976,150.0,1980,99.8
南鹽光 (solar),2022,10,off-peak,13.09,2124,150.0,2124,100.0
南鹽光 (solar),2022,10,peak,2.99,348,150.0,360,96.67
南鹽光 (solar),2022,11,mid-peak,12.96,2329,150.0,2340,99.53
南鹽光 (solar),2022,11,off-peak,17.03,1980,150.0,1980,100.0
南鹽光 (solar),2022,12,mid-peak,12.93,2424,150.0,2430,99.75
南鹽光 (solar),2022,12,off-peak,17.42,2033,150.0,2034,99.95
南鹽光 (solar),2023,1,mid-peak,13.66,2328,150.0,2340,99.49
南鹽光 (solar),2023,1,off-peak,17.58,2124,150.0,2124,100.0
南鹽光 (solar),2023,2,mid-peak,12.16,2159,150.0,2160,99.95
南鹽光 (solar),2023,2,off-peak,16.01,1871,150.0,1872,99.95
南鹽光 (solar),2023,3,mid-peak,16.87,2339,150.0,2430,96.26
南鹽光 (solar),2023,3,off-peak,19.21,2026,150.0,2034,99.61
南鹽光 (solar),2023,4,mid-peak,17.47,2140,150.0,2250,95.11
南鹽光 (solar),2023,4,off-peak,21.22,1884,150.0,2070,91.01
南鹽光 (solar),2023,5,mid-peak,27.46,1995,150.0,1998,99.85
南鹽光 (solar),2023,5,off-peak,14.1,2034,150.0,2034,100.0
南鹽光 (solar),2023,5,peak,4.89,432,150.0,432,100.0
南鹽光 (solar),2023,6,mid-peak,39.25,1543,150.0,1548,99.68
南鹽光 (solar),2023,6,off-peak,10.69,1980,150.0,1980,100.0
南鹽光 (solar),2023,6,peak,6.53,790,150.0,792,99.75
南鹽光 (solar),2023,7,mid-peak,36.69,1507,150.0,1584,95.14
南鹽光 (solar),2023,7,off-peak,10.71,2056,150.0,2124,96.8
南鹽光 (solar),2023,7,peak,5.85,665,150.0,756,87.96
南鹽光 (solar),2023,8,mid-peak,32.23,1574,150.0,1602,98.25
南鹽光 (solar),2023,8,off-peak,8.98,2031,150.0,2034,99.85
南鹽光 (solar),2023,8,peak,5.72,775,150.0,828,93.6
南鹽光 (solar),2023,9,mid-peak,36.76,1567,150.0,1584,98.93
南鹽光 (solar),2023,9,off-peak,8.41,1964,150.0,1980,99.19
南鹽光 (solar),2023,9,peak,4.06,754,150.0,756,99.74
南鹽光 (solar),2023,10,mid-peak,21.04,1961,150.0,1980,99.04
南鹽光 (solar),2023,10,off-peak,13.44,2120,150.0,2124,99.81
南鹽光 (solar),2023,10,peak,2.49,342,150.0,360,95.0
南鹽光 (solar),2023,11,mid-peak,15.27,2338,150.0,2340,99.91
南鹽光 (solar),2023,11,off-peak,19.43,1980,150.0,1980,100.0
南鹽光 (solar),2023,12,mid-peak,10.66,2324,150.0,2340,99.32
南鹽光 (solar),2023,12,off-peak,14.84,1961,150.0,2124,92.33
台中港 (wind),2022,1,mid-peak,55.77,2180,26.0,2340,93.16
台中港 (wind),2022,1,off-peak,48.5,2044,26.0,2124,96.23
台中港 (wind),2022,2,mid-peak,53.4,2160,26.0,2160,100.0
台中港 (wind),2022,2,off-peak,46.14,1872,26.0,1872,100.0
台中港 (wind),2022,3,mid-peak,23.7,2430,26.0,2430,100.0
台中港 (wind),2022,3,off-peak,19.84,2034,26.0,2034,100.0
台中港 (wind),2022,4,mid-peak,23.63,2340,26.0,2340,100.0
台中港 (wind),2022,4,off-peak,18.73,1980,26.0,1980,100.0
台中港 (wind),2022,5,mid-peak,23.85,1872,26.0,1908,98.11
台中港 (wind),2022,5,off-peak,23.43,2037,26.0,2124,95.9
台中港 (wind),2022,5,peak,25.83,432,26.0,432,100.0
台中港 (wind),2022,6,mid-peak,9.74,1506,26.0,1548,97.29
台中港 (wind),2022,6,off-peak,8.04,1949,26.0,1980,98.43
台中港 (wind),2022,6,peak,6.06,757,26.0,792,95.58
台中港 (wind),2022,7,mid-peak,9.09,1580,26.0,1584,99.75
台中港 (wind),2022,7,off-peak,5.24,2124,26.0,2124,100.0
台中港 (wind),2022,7,peak,6.22,756,26.0,756,100.0
台中港 (wind),2022,8,mid-peak,3.81,1596,26.0,1602,99.63
台中港 (wind),2022,8,off-peak,1.37,2034,26.0,2034,100.0
台中港 (wind),2022,8,peak,5.9,828,26.0,828,100.0
台中港 (wind),2022,9,mid-peak,30.4,1548,26.0,1548,100.0
台中港 (wind),2022,9,off-peak,15.53,1980,26.0,1980,100.0
台中港 (wind),2022,9,peak,28.85,792,26.0,792,100.0
台中港 (wind),2022,10,mid-peak,34.04,1976,26.0,1980,99.8
台中港 (wind),2022,10,off-peak,29.84,2124,26.0,2124,100.0
台中港 (wind),2022,10,peak,38.04,348,26.0,360,96.67
台中港 (wind),2022,11,mid-peak,27.99,2329,26.0,2340,99.53
台中港 (wind),2022,11,off-peak,26.16,1980,26.0,1980,100.0
台中港 (wind),2022,12,mid-peak,55.42,2424,26.0,2430,99.75
台中港 (wind),2022,12,off-peak,46.54,2033,26.0,2034,99.95
台中港 (wind),2023,1,mid-peak,48.65,2328,26.0,2340,99.49
台中港 (wind),2023,1,off-peak,45.53,2124,26.0,2124,100.0
台中港 (wind),2023,2,mid-peak,50.56,2159,26.0,2160,99.95
台中港 (wind),2023,2,off-peak,44.14,1871,26.0,1872,99.95
台中港 (wind),2023,3,mid-peak,28.92,2339,26.0,2430,96.26
台中港 (wind),2023,3,off-peak,30.97,2026,26.0,2034,99.61
台中港 (wind),2023,4,mid-peak,28.6,2140,26.0,2250,95.11
台中港 (wind),2023,4,off-peak,26.91,1884,26.0,2070,91.01
台中港 (wind),2023,5,mid-peak,16.43,1995,26.0,1998,99.85
台中港 (wind),2023,5,off-peak,11.43,2034,26.0,2034,100.0
台中港 (wind),2023,5,peak,9.92,432,26.0,432,100.0
台中港 (wind),2023,6,mid-peak,2.47,1543,26.0,1548,99.68
台中港 (wind),2023,6,off-peak,0.52,1980,26.0,1980,100.0
台中港 (wind),2023,6,peak,1.2,790,26.0,792,99.75
台中港 (wind),2023,7,mid-peak,6.5,1507,26.0,1584,95.14
台中港 (wind),2023,7,off-peak,3.51,2056,26.0,2124,96.8
台中港 (wind),2023,7,peak,6.49,665,26.0,756,87.96
台中港 (wind),2023,8,mid-peak,2.0,1574,26.0,1602,98.25
台中港 (wind),2023,8,off-peak,0.94,2031,26.0,2034,99.85
台中港 (wind),2023,8,peak,2.01,775,26.0,828,93.6
台中港 (wind),2023,9,mid-peak,7.48,1567,35.0,1584,98.93
台中港 (wind),2023,9,off-peak,2.25,1964,35.0,1980,99.19
台中港 (wind),2023,9,peak,10.26,754,35.0,756,99.74
台中港 (wind),2023,10,mid-peak,27.01,1961,35.0,1980,99.04
台中港 (wind),2023,10,off-peak,21.53,2120,35.0,2124,99.81
台中港 (wind),2023,10,peak,41.19,342,35.0,360,95.0
台中港 (wind),2023,11,mid-peak,30.23,2338,35.0,2340,99.91
台中港 (wind),2023,11,off-peak,26.65,1980,35.0,1980,100.0
台中港 (wind),2023,12,mid-peak,29.98,2324,35.0,2340,99.32
台中港 (wind),2023,12,off-peak,28.62,1961,35.0,2124,92.33
天英光 (solar),2023,5,mid-peak,0.0,1242,0.0,1998,62.16
天英光 (solar),2023,5,off-peak,0.0,1404,0.0,2034,69.03
天英光 (solar),2023,5,peak,0.0,432,0.0,432,100.0
天英光 (solar),2023,6,mid-peak,0.0,1543,0.0,1548,99.68
天英光 (solar),2023,6,off-peak,0.0,1980,0.0,1980,100.0
天英光 (solar),2023,6,peak,0.0,790,0.0,792,99.75
天英光 (solar),2023,7,mid-peak,0.0,1507,0.0,1584,95.14
天英光 (solar),2023,7,off-peak,0.0,2056,0.0,2124,96.8
天英光 (solar),2023,7,peak,0.0,665,0.0,756,87.96
天英光 (solar),2023,8,mid-peak,0.0,1574,0.0,1602,98.25
天英光 (solar),2023,8,off-peak,0.0,2031,0.0,2034,99.85
天英光 (solar),2023,8,peak,0.0,775,0.0,828,93.6
天英光 (solar),2023,9,mid-peak,0.0,1567,0.0,1584,98.93
天英光 (solar),2023,9,off-peak,0.0,1964,0.0,1980,99.19
天英光 (solar),2023,9,peak,0.0,754,0.0,756,99.74
天英光 (solar),2023,10,mid-peak,0.0,1961,0.0,1980,99.04
天英光 (solar),2023,10,off-peak,0.0,2120,0.0,2124,99.81
天英光 (solar),2023,10,peak,0.0,342,0.0,360,95.0
天英光 (solar),2023,11,mid-peak,0.0,2338,0.0,2340,99.91
天英光 (solar),2023,11,off-peak,0.0,1980,0.0,1980,100.0
天英光 (solar),2023,12,mid-peak,0.0,2324,0.0,2340,99.32
天英光 (solar),2023,12,off-peak,0.0,1961,0.0,2124,92.33
天衝光 (solar),2022,6,mid-peak,0.0,96,0.0,1548,6.2
天衝光 (solar),2022,6,off-peak,0.0,54,0.0,1980,2.73
天衝光 (solar),2022,6,peak,0.0,72,0.0,792,9.09
天衝光 (solar),2022,7,mid-peak,0.0,1580,0.0,1584,99.75
天衝光 (solar),2022,7,off-peak,0.0,2124,0.0,2124,100.0
天衝光 (solar),2022,7,peak,0.0,756,0.0,756,100.0
天衝光 (solar),2022,8,mid-peak,0.0,1596,0.0,1602,99.63
天衝光 (solar),2022,8,off-peak,0.0,2034,0.0,2034,100.0
天衝光 (solar),2022,8,peak,0.0,828,0.0,828,100.0
天衝光 (solar),2022,9,mid-peak,0.0,1548,0.0,1548,100.0
天衝光 (solar),2022,9,off-peak,0.0,1980,0.0,1980,100.0
天衝光 (solar),2022,9,peak,0.0,792,0.0,792,100.0
天衝光 (solar),2022,10,mid-peak,0.0,1976,0.0,1980,99.8
天衝光 (solar),2022,10,off-peak,0.0,2124,0.0,2124,100.0
天衝光 (solar),2022,10,peak,0.0,348,0.0,360,96.67
天衝光 (solar),2022,11,mid-peak,0.0,2329,0.0,2340,99.53
天衝光 (solar),2022,11,off-peak,0.0,1980,0.0,1980,100.0
天衝光 (solar),2022,12,mid-peak,3.45,2424,0.0,2430,99.75
天衝光 (solar),2022,12,off-peak,5.16,2033,0.0,2034,99.95
天衝光 (solar),2023,1,mid-peak,13.35,2328,116.5,2340,99.49
天衝光 (solar),2023,1,off-peak,17.23,2124,116.5,2124,100.0
天衝光 (solar),2023,2,mid-peak,13.83,2159,116.5,2160,99.95
天衝光 (solar),2023,2,off-peak,18.09,1871,116.5,1872,99.95
天衝光 (solar),2023,3,mid-peak,17.06,2339,116.5,2430,96.26
天衝光 (solar),2023,3,off-peak,19.25,2026,116.5,2034,99.61
天衝光 (solar),2023,4,mid-peak,18.0,2140,116.5,2250,95.11
天衝光 (solar),2023,4,off-peak,21.43,1884,116.5,2070,91.01
天衝光 (solar),2023,5,mid-peak,27.68,1995,116.5,1998,99.85
天衝光 (solar),2023,5,off-peak,14.35,2034,116.5,2034,100.0
天衝光 (solar),2023,5,peak,5.44,432,116.5,432,100.0
天衝光 (solar),2023,6,mid-peak,37.62,1543,116.5,1548,99.68
天衝光 (solar),2023,6,off-peak,10.69,1980,116.5,1980,100.0
天衝光 (solar),2023,6,peak,8.08,790,116.5,792,99.75
天衝光 (solar),2023,7,mid-peak,32.41,1507,116.5,1584,95.14
天衝光 (solar),2023,7,off-peak,9.31,2056,116.5,2124,96.8
天衝光 (solar),2023,7,peak,5.56,665,116.5,756,87.96
天衝光 (solar),2023,8,mid-peak,0.0,1574,0.0,1602,98.25
天衝光 (solar),2023,8,off-peak,0.0,2031,0.0,2034,99.85
天衝光 (solar),2023,8,peak,0.0,775,0.0,828,93.6
天衝光 (solar),2023,9,mid-peak,0.0,1567,0.0,1584,98.93
天衝光 (solar),2023,9,off-peak,0.0,1964,0.0,1980,99.19
天衝光 (solar),2023,9,peak,0.0,754,0.0,756,99.74
天衝光 (solar),2023,10,mid-peak,0.0,1961,0.0,1980,99.04
天衝光 (solar),2023,10,off-peak,0.0,2120,0.0,2124,99.81
天衝光 (solar),2023,10,peak,0.0,342,0.0,360,95.0
天衝光 (solar),2023,11,mid-peak,0.0,2338,0.0,2340,99.91
天衝光 (solar),2023,11,off-peak,0.0,1980,0.0,1980,100.0
天衝光 (solar),2023,12,mid-peak,0.0,2324,0.0,2340,99.32
天衝光 (solar),2023,12,off-peak,0.0,1961,0.0,2124,92.33
崙尾光 (solar),2022,1,mid-peak,8.6,2180,181.0,2340,93.16
崙尾光 (solar),2022,1,off-peak,12.63,2044,181.0,2124,96.23
崙尾光 (solar),2022,2,mid-peak,8.81,2160,181.0,2160,100.0
崙尾光 (solar),2022,2,off-peak,12.51,1872,181.0,1872,100.0
崙尾光 (solar),2022,3,mid-peak,13.32,2430,181.0,2430,100.0
崙尾光 (solar),2022,3,off-peak,16.17,2034,181.0,2034,100.0
崙尾光 (solar),2022,4,mid-peak,18.1,2340,181.0,2340,100.0
崙尾光 (solar),2022,4,off-peak,18.65,1980,181.0,1980,100.0
崙尾光 (solar),2022,5,mid-peak,19.5,1872,181.0,1908,98.11
崙尾光 (solar),2022,5,off-peak,10.79,2037,181.0,2124,95.9
崙尾光 (solar),2022,5,peak,3.88,432,181.0,432,100.0
崙尾光 (solar),2022,6,mid-peak,32.1,1506,181.0,1548,97.29
崙尾光 (solar),2022,6,off-peak,10.46,1949,181.0,1980,98.43
崙尾光 (solar),2022,6,peak,4.75,757,181.0,792,95.58
崙尾光 (solar),2022,7,mid-peak,38.58,1580,181.0,1584,99.75
崙尾光 (solar),2022,7,off-peak,11.76,2124,181.0,2124,100.0
崙尾光 (solar),2022,7,peak,7.22,756,181.0,756,100.0
崙尾光 (solar),2022,8,mid-peak,39.45,1596,181.0,1602,99.63
崙尾光 (solar),2022,8,off-peak,10.37,2034,181.0,2034,100.0
崙尾光 (solar),2022,8,peak,5.08,828,181.0,828,100.0
崙尾光 (solar),2022,9,mid-peak,38.48,1548,181.0,1548,100.0
崙尾光 (solar),2022,9,off-peak,9.41,1980,181.0,1980,100.0
崙尾光 (solar),2022,9,peak,3.82,792,181.0,792,100.0
崙尾光 (solar),2022,10,mid-peak,19.8,1976,181.0,1980,99.8
崙尾光 (solar),2022,10,off-peak,10.29,2124,181.0,2124,100.0
崙尾光 (solar),2022,10,peak,2.36,348,181.0,360,96.67
崙尾光 (solar),2022,11,mid-peak,10.32,2329,181.0,2340,99.53
崙尾光 (solar),2022,11,off-peak,14.62,1980,181.0,1980,100.0
崙尾光 (solar),2022,12,mid-peak,8.83,2424,181.0,2430,99.75
崙尾光 (solar),2022,12,off-peak,13.21,2033,181.0,2034,99.95
崙尾光 (solar),2023,1,mid-peak,8.51,2328,181.0,2340,99.49
崙尾光 (solar),2023,1,off-peak,12.15,2124,181.0,2124,100.0
崙尾光 (solar),2023,2,mid-peak,9.34,2159,181.0,2160,99.95
崙尾光 (solar),2023,2,off-peak,13.08,1871,181.0,1872,99.95
崙尾光 (solar),2023,3,mid-peak,12.39,2339,181.0,2430,96.26
崙尾光 (solar),2023,3,off-peak,14.94,2026,181.0,2034,99.61
崙尾光 (solar),2023,4,mid-peak,17.61,2140,181.0,2250,95.11
崙尾光 (solar),2023,4,off-peak,22.87,1884,181.0,2070,91.01
崙尾光 (solar),2023,5,mid-peak,2.91,1995,181.0,1998,99.85
崙尾光 (solar),2023,5,off-peak,1.84,2034,181.0,2034,100.0
崙尾光 (solar),2023,5,peak,0.0,432,0.0,432,100.0
崙尾光 (solar),2023,6,mid-peak,0.0,1543,0.0,1548,99.68
崙尾光 (solar),2023,6,off-peak,0.0,1980,0.0,1980,100.0
崙尾光 (solar),2023,6,peak,0.0,790,0.0,792,99.75
崙尾光 (solar),2023,7,mid-peak,0.0,1507,0.0,1584,95.14
崙尾光 (solar),2023,7,off-peak,0.0,2056,0.0,2124,96.8
崙尾光 (solar),2023,7,peak,0.0,665,0.0,756,87.96
崙尾光 (solar),2023,8,mid-peak,0.0,1574,0.0,1602,98.25
崙尾光 (solar),2023,8,off-peak,0.0,2031,0.0,2034,99.85
崙尾光 (solar),2023,8,peak,0.0,775,0.0,828,93.6
崙尾光 (solar),2023,9,mid-peak,0.0,1567,0.0,1584,98.93
崙尾光 (solar),2023,9,off-peak,0.0,1964,0.0,1980,99.19
崙尾光 (solar),2023,9,peak,0.0,754,0.0,756,99.74
崙尾光 (solar),2023,10,mid-peak,0.0,1961,0.0,1980,99.04
崙尾光 (solar),2023,10,off-peak,0.0,2120,0.0,2124,99.81
崙尾光 (solar),2023,10,peak,0.0,342,0.0,360,95.0
崙尾光 (solar),2023,11,mid-peak,0.0,2338,0.0,2340,99.91
崙尾光 (solar),2023,11,off-peak,0.0,1980,0.0,1980,100.0
崙尾光 (solar),2023,12,mid-peak,0.0,2324,0.0,2340,99.32
崙尾光 (solar),2023,12,off-peak,0.0,1961,0.0,2124,92.33
彰濱光 (solar),2022,1,mid-peak,9.71,2180,100.0,2340,93.16
彰濱光 (solar),2022,1,off-peak,13.98,2044,100.0,2124,96.23
彰濱光 (solar),2022,2,mid-peak,9.61,2160,100.0,2160,100.0
彰濱光 (solar),2022,2,off-peak,13.36,1872,100.0,1872,100.0
彰濱光 (solar),2022,3,mid-peak,20.79,2430,100.0,2430,100.0
彰濱光 (solar),2022,3,off-peak,19.64,2034,100.0,2034,100.0
彰濱光 (solar),2022,4,mid-peak,19.69,2340,100.0,2340,100.0
彰濱光 (solar),2022,4,off-peak,20.61,1980,100.0,1980,100.0
彰濱光 (solar),2022,5,mid-peak,19.57,1872,100.0,1908,98.11
彰濱光 (solar),2022,5,off-peak,10.86,2037,100.0,2124,95.9
彰濱光 (solar),2022,5,peak,3.95,432,100.0,432,100.0
彰濱光 (solar),2022,6,mid-peak,34.86,1506,100.0,1548,97.29
彰濱光 (solar),2022,6,off-peak,10.37,1949,100.0,1980,98.43
彰濱光 (solar),2022,6,peak,4.78,757,100.0,792,95.58
彰濱光 (solar),2022,7,mid-peak,42.66,1580,100.0,1584,99.75
彰濱光 (solar),2022,7,off-peak,12.82,2124,100.0,2124,100.0
彰濱光 (solar),2022,7,peak,9.15,756,100.0,756,100.0
彰濱光 (solar),2022,8,mid-peak,44.04,1596,100.0,1602,99.63
彰濱光 (solar),2022,8,off-peak,11.9,2034,100.0,2034,100.0
彰濱光 (solar),2022,8,peak,5.92,828,100.0,828,100.0
彰濱光 (solar),2022,9,mid-peak,40.52,1548,100.0,1548,100.0
彰濱光 (solar),2022,9,off-peak,10.07,1980,100.0,1980,100.0
彰濱光 (solar),2022,9,peak,3.89,792,100.0,792,100.0
彰濱光 (solar),2022,10,mid-peak,20.58,1976,100.0,1980,99.8
彰濱光 (solar),2022,10,off-peak,10.22,2124,100.0,2124,100.0
彰濱光 (solar),2022,10,peak,2.54,348,100.0,360,96.67
彰濱光 (solar),2022,11,mid-peak,11.25,2329,100.0,2340,99.53
彰濱光 (solar),2022,11,off-peak,15.92,1980,100.0,1980,100.0
彰濱光 (solar),2022,12,mid-peak,10.0,2424,100.0,2430,99.75
彰濱光 (solar),2022,12,off-peak,13.94,2033,100.0,2034,99.95
彰濱光 (solar),2023,1,mid-peak,9.71,2328,100.0,2340,99.49
彰濱光 (solar),2023,1,off-peak,12.26,2124,100.0,2124,100.0
彰濱光 (solar),2023,2,mid-peak,9.51,2159,100.0,2160,99.95
彰濱光 (solar),2023,2,off-peak,12.06,1871,100.0,1872,99.95
彰濱光 (solar),2023,3,mid-peak,12.89,2339,100.0,2430,96.26
彰濱光 (solar),2023,3,off-peak,13.64,2026,100.0,2034,99.61
彰濱光 (solar),2023,4,mid-peak,14.93,2140,100.0,2250,95.11
彰濱光 (solar),2023,4,off-peak,17.39,1884,100.0,2070,91.01
彰濱光 (solar),2023,5,mid-peak,25.7,1995,100.0,1998,99.85
彰濱光 (solar),2023,5,off-peak,12.4,2034,100.0,2034,100.0
彰濱光 (solar),2023,5,peak,11.07,432,100.0,432,100.0
彰濱光 (solar),2023,6,mid-peak,38.07,1543,100.0,1548,99.68
彰濱光 (solar),2023,6,off-peak,17.28,1980,100.0,1980,100.0
彰濱光 (solar),2023,6,peak,17.89,790,100.0,792,99.75
彰濱光 (solar),2023,7,mid-peak,41.03,1507,100.0,1584,95.14
彰濱光 (solar),2023,7,off-peak,19.35,2056,100.0,2124,96.8
彰濱光 (solar),2023,7,peak,18.74,665,100.0,756,87.96
彰濱光 (solar),2023,8,mid-peak,34.42,1574,100.0,1602,98.25
彰濱光 (solar),2023,8,off-peak,9.59,2031,100.0,2034,99.85
彰濱光 (solar),2023,8,peak,6.69,775,100.0,828,93.6
彰濱光 (solar),2023,9,mid-peak,34.44,1567,100.0,1584,98.93
彰濱光 (solar),2023,9,off-peak,7.44,1964,100.0,1980,99.19
彰濱光 (solar),2023,9,peak,4.09,754,100.0,756,99.74
彰濱光 (solar),2023,10,mid-peak,19.56,1961,100.0,1980,99.04
彰濱光 (solar),2023,10,off-peak,13.36,2120,100.0,2124,99.81
彰濱光 (solar),2023,10,peak,3.41,342,100.0,360,95.0
彰濱光 (solar),2023,11,mid-peak,12.13,2338,100.0,2340,99.91
彰濱光 (solar),2023,11,off-peak,15.28,1980,100.0,1980,100.0
彰濱光 (solar),2023,12,mid-peak,9.12,2324,100.0,2340,99.32
彰濱光 (solar),2023,12,off-peak,11.48,1961,100.0,2124,92.33
東部小水力 (hydro),2022,1,mid-peak,70.84,2180,54.6,2340,93.16
東部小水力 (hydro),2022,1,off-peak,70.92,2044,54.6,2124,96.23
東部小水力 (hydro),2022,2,mid-peak,76.1,2160,54.6,2160,100.0
東部小水力 (hydro),2022,2,off-peak,76.67,1872,54.6,1872,100.0
東部小水力 (hydro),2022,3,mid-peak,76.03,2430,54.6,2430,100.0
東部小水力 (hydro),2022,3,off-peak,75.55,2034,54.6,2034,100.0
東部小水力 (hydro),2022,4,mid-peak,73.95,2340,54.6,2340,100.0
東部小水力 (hydro),2022,4,off-peak,73.52,1980,54.6,1980,100.0
東部小水力 (hydro),2022,5,mid-peak,73.0,1872,54.6,1908,98.11
東部小水力 (hydro),2022,5,off-peak,74.44,2037,54.6,2124,95.9
東部小水力 (hydro),2022,5,peak,85.93,432,54.6,432,100.0
東部小水力 (hydro),2022,6,mid-peak,78.56,1506,54.6,1548,97.29
東部小水力 (hydro),2022,6,off-peak,78.9,1949,54.6,1980,98.43
東部小水力 (hydro),2022,6,peak,77.95,757,54.6,792,95.58
東部小水力 (hydro),2022,7,mid-peak,53.32,1580,54.6,1584,99.75
東部小水力 (hydro),2022,7,off-peak,52.77,2124,54.6,2124,100.0
東部小水力 (hydro),2022,7,peak,52.63,756,54.6,756,100.0
東部小水力 (hydro),2022,8,mid-peak,45.64,1596,54.6,1602,99.63
東部小水力 (hydro),2022,8,off-peak,45.56,2034,54.6,2034,100.0
東部小水力 (hydro),2022,8,peak,46.03,828,54.6,828,100.0
東部小水力 (hydro),2022,9,mid-peak,46.66,1548,54.6,1548,100.0
東部小水力 (hydro),2022,9,off-peak,45.87,1980,54.6,1980,100.0
東部小水力 (hydro),2022,9,peak,50.15,792,54.6,792,100.0
東部小水力 (hydro),2022,10,mid-peak,63.07,1976,54.6,1980,99.8
東部小水力 (hydro),2022,10,off-peak,59.9,2124,54.6,2124,100.0
東部小水力 (hydro),2022,10,peak,50.42,348,54.6,360,96.67
東部小水力 (hydro),2022,11,mid-peak,75.86,2329,54.6,2340,99.53
東部小水力 (hydro),2022,11,off-peak,76.83,1980,54.6,1980,100.0
東部小水力 (hydro),2022,12,mid-peak,60.69,2424,54.6,2430,99.75
東部小水力 (hydro),2022,12,off-peak,61.44,2033,54.6,2034,99.95
東部小水力 (hydro),2023,1,mid-peak,56.64,2328,54.6,2340,99.49
東部小水力 (hydro),2023,1,off-peak,56.63,2124,54.6,2124,100.0
東部小水力 (hydro),2023,2,mid-peak,45.55,2159,54.6,2160,99.95
東部小水力 (hydro),2023,2,off-peak,44.07,1871,54.6,1872,99.95
東部小水力 (hydro),2023,3,mid-peak,37.51,2339,54.6,2430,96.26
東部小水力 (hydro),2023,3,off-peak,35.94,2026,54.6,2034,99.61
東部小水力 (hydro),2023,4,mid-peak,35.27,2140,54.6,2250,95.11
東部小水力 (hydro),2023,4,off-peak,33.22,1884,54.6,2070,91.01
東部小水力 (hydro),2023,5,mid-peak,42.66,1995,54.6,1998,99.85
東部小水力 (hydro),2023,5,off-peak,44.13,2034,54.6,2034,100.0
東部小水力 (hydro),2023,5,peak,47.56,432,54.6,432,100.0
東部小水力 (hydro),2023,6,mid-peak,66.09,1543,54.6,1548,99.68
東部小水力 (hydro),2023,6,off-peak,66.25,1980,54.6,1980,100.0
東部小水力 (hydro),2023,6,peak,67.47,790,54.6,792,99.75
東部小水力 (hydro),2023,7,mid-peak,52.17,1507,54.6,1584,95.14
東部小水力 (hydro),2023,7,off-peak,52.35,2056,54.6,2124,96.8
東部小水力 (hydro),2023,7,peak,55.03,665,54.6,756,87.96
東部小水力 (hydro),2023,8,mid-peak,61.58,1574,54.6,1602,98.25
東部小水力 (hydro),2023,8,off-peak,60.23,2031,54.6,2034,99.85
東部小水力 (hydro),2023,8,peak,61.99,775,54.6,828,93.6
東部小水力 (hydro),2023,9,mid-peak,74.11,1567,54.6,1584,98.93
東部小水力 (hydro),2023,9,off-peak,71.2,1964,54.6,1980,99.19
東部小水力 (hydro),2023,9,peak,75.84,754,54.6,756,99.74
東部小水力 (hydro),2023,10,mid-peak,80.14,1961,54.6,1980,99.04
東部小水力 (hydro),2023,10,off-peak,81.58,2120,54.6,2124,99.81
東部小水力 (hydro),2023,10,peak,85.72,342,54.6,360,95.0
東部小水力 (hydro),2023,11,mid-peak,59.43,2338,54.6,2340,99.91
東部小水力 (hydro),2023,11,off-peak,58.53,1980,54.6,1980,100.0
東部小水力 (hydro),2023,12,mid-peak,52.32,2324,54.6,2340,99.32
東部小水力 (hydro),2023,12,off-peak,51.83,1961,54.6,2124,92.33
沃一風 (wind),2022,8,mid-peak,0.0,312,0.0,1602,19.48
沃一風 (wind),2022,8,off-peak,0.0,414,0.0,2034,20.35
沃一風 (wind),2022,8,peak,0.0,172,0.0,828,20.77
沃一風 (wind),2022,9,mid-peak,0.0,1548,0.0,1548,100.0
沃一風 (wind),2022,9,off-peak,0.0,1980,0.0,1980,100.0
沃一風 (wind),2022,9,peak,0.0,792,0.0,792,100.0
沃一風 (wind),2022,10,mid-peak,0.0,1976,0.0,1980,99.8
沃一風 (wind),2022,10,off-peak,0.0,2124,0.0,2124,100.0
沃一風 (wind),2022,10,peak,0.0,348,0.0,360,96.67
沃一風 (wind),2022,11,mid-peak,0.0,2329,0.0,2340,99.53
沃一風 (wind),2022,11,off-peak,0.0,1980,0.0,1980,100.0
沃一風 (wind),2022,12,mid-peak,0.0,2424,0.0,2430,99.75
沃一風 (wind),2022,12,off-peak,0.0,2033,0.0,2034,99.95
沃一風 (wind),2023,1,mid-peak,0.0,2328,0.0,2340,99.49
沃一風 (wind),2023,1,off-peak,0.0,2124,0.0,2124,100.0
沃一風 (wind),2023,2,mid-peak,0.0,2159,0.0,2160,99.95
沃一風 (wind),2023,2,off-peak,0.0,1871,0.0,1872,99.95
沃一風 (wind),2023,3,mid-peak,0.0,2339,0.0,2430,96.26
沃一風 (wind),2023,3,off-peak,0.0,2026,0.0,2034,99.61
沃一風 (wind),2023,4,mid-peak,0.0,2140,0.0,2250,95.11
沃一風 (wind),2023,4,off-peak,0.0,1884,0.0,2070,91.01
沃一風 (wind),2023,5,mid-peak,0.0,1995,0.0,1998,99.85
沃一風 (wind),2023,5,off-peak,0.0,2034,0.0,2034,100.0
沃一風 (wind),2023,5,peak,0.0,432,0.0,432,100.0
沃一風 (wind),2023,6,mid-peak,0.0,1543,0.0,1548,99.68
沃一風 (wind),2023,6,off-peak,0.0,1980,0.0,1980,100.0
沃一風 (wind),2023,6,peak,0.0,790,0.0,792,99.75
沃一風 (wind),2023,7,mid-peak,0.0,1507,0.0,1584,95.14
沃一風 (wind),2023,7,off-peak,0.0,2056,0.0,2124,96.8
沃一風 (wind),2023,7,peak,0.0,665,0.0,756,87.96
沃一風 (wind),2023,8,mid-peak,0.0,1574,0.0,1602,98.25
沃一風 (wind),2023,8,off-peak,0.0,2031,0.0,2034,99.85
沃一風 (wind),2023,8,peak,0.0,775,0.0,828,93.6
沃一風 (wind),2023,9,mid-peak,0.0,1567,0.0,1584,98.93
沃一風 (wind),2023,9,off-peak,0.0,1964,0.0,1980,99.19
沃一風 (wind),2023,9,peak,0.0,754,0.0,756,99.74
沃一風 (wind),2023,10,mid-peak,0.0,1961,0.0,1980,99.04
沃一風 (wind),2023,10,off-peak,0.0,2120,0.0,2124,99.81
沃一風 (wind),2023,10,peak,0.0,342,0.0,360,95.0
沃一風 (wind),2023,11,mid-peak,0.0,2338,0.0,2340,99.91
沃一風 (wind),2023,11,off-peak,0.0,1980,0.0,1980,100.0
沃一風 (wind),2023,12,mid-peak,0.0,2324,0.0,2340,99.32
沃一風 (wind),2023,12,off-peak,0.0,1961,0.0,2124,92.33
沃二風 (wind),2022,3,mid-peak,0.0,360,0.0,2430,14.81
沃二風 (wind),2022,3,off-peak,0.0,359,0.0,2034,17.65
沃二風 (wind),2022,4,mid-peak,0.0,2340,0.0,2340,100.0
沃二風 (wind),2022,4,off-peak,0.0,1980,0.0,1980,100.0
沃二風 (wind),2022,5,mid-peak,0.0,1872,0.0,1908,98.11
沃二風 (wind),2022,5,off-peak,0.0,2037,0.0,2124,95.9
沃二風 (wind),2022,5,peak,0.0,432,0.0,432,100.0
沃二風 (wind),2022,6,mid-peak,0.0,1506,0.0,1548,97.29
沃二風 (wind),2022,6,off-peak,0.0,1949,0.0,1980,98.43
沃二風 (wind),2022,6,peak,0.0,757,0.0,792,95.58
沃二風 (wind),2022,7,mid-peak,0.0,1580,0.0,1584,99.75
沃二風 (wind),2022,7,off-peak,0.0,2124,0.0,2124,100.0
沃二風 (wind),2022,7,peak,0.0,756,0.0,756,100.0
沃二風 (wind),2022,8,mid-peak,0.0,1596,0.0,1602,99.63
沃二風 (wind),2022,8,off-peak,0.0,2034,0.0,2034,100.0
沃二風 (wind),2022,8,peak,0.0,828,0.0,828,100.0
沃二風 (wind),2022,9,mid-peak,0.0,1548,0.0,1548,100.0
沃二風 (wind),2022,9,off-peak,0.0,1980,0.0,1980,100.0
沃二風 (wind),2022,9,peak,0.0,792,0.0,792,100.0
沃二風 (wind),2022,10,mid-peak,0.0,1976,0.0,1980,99.8
沃二風 (wind),2022,10,off-peak,0.0,2124,0.0,2124,100.0
沃二風 (wind),2022,10,peak,0.0,348,0.0,360,96.67
沃二風 (wind),2022,11,mid-peak,0.0,2329,0.0,2340,99.53
沃二風 (wind),2022,11,off-peak,0.0,1980,0.0,1980,100.0
沃二風 (wind),2022,12,mid-peak,0.0,2424,0.0,2430,99.75
沃二風 (wind),2022,12,off-peak,0.0,2033,0.0,2034,99.95
沃二風 (wind),2023,1,mid-peak,0.0,2328,0.0,2340,99.49
沃二風 (wind),2023,1,off-peak,0.0,2124,0.0,2124,100.0
沃二風 (wind),2023,2,mid-peak,0.0,2159,0.0,2160,99.95
沃二風 (wind),2023,2,off-peak,0.0,1871,0.0,1872,99.95
沃二風 (wind),2023,3,mid-peak,0.0,2339,0.0,2430,96.26
沃二風 (wind),2023,3,off-peak,0.0,2026,0.0,2034,99.61
沃二風 (wind),2023,4,mid-peak,0.0,2140,0.0,2250,95.11
沃二風 (wind),2023,4,off-peak,0.0,1884,0.0,2070,91.01
沃二風 (wind),2023,5,mid-peak,0.0,1995,0.0,1998,99.85
沃二風 (wind),2023,5,off-peak,0.0,2034,0.0,2034,100.0
沃二風 (wind),2023,5,peak,0.0,432,0.0,432,100.0
沃二風 (wind),2023,6,mid-peak,0.0,1543,0.0,1548,99.68
沃二風 (wind),2023,6,off-peak,0.0,1980,0.0,1980,100.0
沃二風 (wind),2023,6,peak,0.0,790,0.0,792,99.75
沃二風 (wind),2023,7,mid-peak,0.0,1507,0.0,1584,95.14
沃二風 (wind),2023,7,off-peak,0.0,2056,0.0,2124,96.8
沃二風 (wind),2023,7,peak,0.0,665,0.0,756,87.96
沃二風 (wind),2023,8,mid-peak,0.0,1574,0.0,1602,98.25
沃二風 (wind),2023,8,off-peak,0.0,2031,0.0,2034,99.85
沃二風 (wind),2023,8,peak,0.0,775,0.0,828,93.6
沃二風 (wind),2023,9,mid-peak,0.0,1567,0.0,1584,98.93
沃二風 (wind),2023,9,off-peak,0.0,1964,0.0,1980,99.19
沃二風 (wind),2023,9,peak,0.0,754,0.0,756,99.74
沃二風 (wind),2023,10,mid-peak,0.0,1961,0.0,1980,99.04
沃二風 (wind),2023,10,off-peak,0.0,2120,0.0,2124,99.81
沃二風 (wind),2023,10,peak,0.0,342,0.0,360,95.0
沃二風 (wind),2023,11,mid-peak,0.0,2338,0.0,2340,99.91
沃二風 (wind),2023,11,off-peak,0.0,1980,0.0,1980,100.0
沃二風 (wind),2023,12,mid-peak,0.0,2324,0.0,2340,99.32
沃二風 (wind),2023,12,off-peak,0.0,1961,0.0,2124,92.33
王功 (wind),2022,1,mid-peak,66.28,2180,23.0,2340,93.16
王功 (wind),2022,1,off-peak,56.95,2044,23.0,2124,96.23
王功 (wind),2022,2,mid-peak,69.82,2160,23.0,2160,100.0
王功 (wind),2022,2,off-peak,64.81,1872,23.0,1872,100.0
王功 (wind),2022,3,mid-peak,26.59,2430,23.0,2430,100.0
王功 (wind),2022,3,off-peak,25.75,2034,23.0,2034,100.0
王功 (wind),2022,4,mid-peak,35.3,2340,23.0,2340,100.0
王功 (wind),2022,4,off-peak,33.2,1980,23.0,1980,100.0
王功 (wind),2022,5,mid-peak,28.68,1872,23.0,1908,98.11
王功 (wind),2022,5,off-peak,26.23,2037,23.0,2124,95.9
王功 (wind),2022,5,peak,31.49,432,23.0,432,100.0
王功 (wind),2022,6,mid-peak,13.99,1506,23.0,1548,97.29
王功 (wind),2022,6,off-peak,8.2,1949,23.0,1980,98.43
王功 (wind),2022,6,peak,8.1,757,23.0,792,95.58
王功 (wind),2022,7,mid-peak,9.89,1580,23.0,1584,99.75
王功 (wind),2022,7,off-peak,4.45,2124,23.0,2124,100.0
王功 (wind),2022,7,peak,7.24,756,23.0,756,100.0
王功 (wind),2022,8,mid-peak,2.87,1596,23.0,1602,99.63
王功 (wind),2022,8,off-peak,0.87,2034,23.0,2034,100.0
王功 (wind),2022,8,peak,1.86,828,23.0,828,100.0
王功 (wind),2022,9,mid-peak,21.86,1548,23.0,1548,100.0
王功 (wind),2022,9,off-peak,15.93,1980,23.0,1980,100.0
王功 (wind),2022,9,peak,24.24,792,23.0,792,100.0
王功 (wind),2022,10,mid-peak,43.06,1976,23.0,1980,99.8
王功 (wind),2022,10,off-peak,37.96,2124,23.0,2124,100.0
王功 (wind),2022,10,peak,61.69,348,23.0,360,96.67
王功 (wind),2022,11,mid-peak,25.6,2329,23.0,2340,99.53
王功 (wind),2022,11,off-peak,20.92,1980,23.0,1980,100.0
王功 (wind),2022,12,mid-peak,76.8,2424,23.0,2430,99.75
王功 (wind),2022,12,off-peak,73.86,2033,23.0,2034,99.95
王功 (wind),2023,1,mid-peak,66.93,2328,23.0,2340,99.49
王功 (wind),2023,1,off-peak,63.63,2124,23.0,2124,100.0
王功 (wind),2023,2,mid-peak,64.09,2159,23.0,2160,99.95
王功 (wind),2023,2,off-peak,59.93,1871,23.0,1872,99.95
王功 (wind),2023,3,mid-peak,39.48,2339,23.0,2430,96.26
王功 (wind),2023,3,off-peak,42.69,2026,23.0,2034,99.61
王功 (wind),2023,4,mid-peak,30.95,2140,23.0,2250,95.11
王功 (wind),2023,4,off-peak,29.58,1884,23.0,2070,91.01
王功 (wind),2023,5,mid-peak,20.17,1995,23.0,1998,99.85
王功 (wind),2023,5,off-peak,12.25,2034,23.0,2034,100.0
王功 (wind),2023,5,peak,12.25,432,23.0,432,100.0
王功 (wind),2023,6,mid-peak,9.84,1543,23.0,1548,99.68
王功 (wind),2023,6,off-peak,3.03,1980,23.0,1980,100.0
王功 (wind),2023,6,peak,6.63,790,23.0,792,99.75
王功 (wind),2023,7,mid-peak,21.74,1507,23.0,1584,95.14
王功 (wind),2023,7,off-peak,15.49,2056,23.0,2124,96.8
王功 (wind),2023,7,peak,23.4,665,23.0,756,87.96
王功 (wind),2023,8,mid-peak,14.84,1574,23.0,1602,98.25
王功 (wind),2023,8,off-peak,7.95,2031,23.0,2034,99.85
王功 (wind),2023,8,peak,14.66,775,23.0,828,93.6
王功 (wind),2023,9,mid-peak,6.65,1567,23.0,1584,98.93
王功 (wind),2023,9,off-peak,3.7,1964,23.0,1980,99.19
王功 (wind),2023,9,peak,10.21,754,23.0,756,99.74
王功 (wind),2023,10,mid-peak,35.97,1961,23.0,1980,99.04
王功 (wind),2023,10,off-peak,29.92,2120,23.0,2124,99.81
王功 (wind),2023,10,peak,58.99,342,23.0,360,95.0
王功 (wind),2023,11,mid-peak,39.15,2338,23.0,2340,99.91
王功 (wind),2023,11,off-peak,30.68,1980,23.0,1980,100.0
王功 (wind),2023,12,mid-peak,48.7,2324,23.0,2340,99.32
王功 (wind),2023,12,off-peak,47.32,1961,23.0,2124,92.33
觀園 (wind),2022,1,mid-peak,63.85,2180,30.0,2340,93.16
觀園 (wind),2022,1,off-peak,62.81,2044,30.0,2124,96.23
觀園 (wind),2022,2,mid-peak,65.84,2160,30.0,2160,100.0
觀園 (wind),2022,2,off-peak,66.98,1872,30.0,1872,100.0
觀園 (wind),2022,3,mid-peak,29.91,2430,30.0,2430,100.0
觀園 (wind),2022,3,off-peak,27.1,2034,30.0,2034,100.0
觀園 (wind),2022,4,mid-peak,34.93,2340,30.0,2340,100.0
觀園 (wind),2022,4,off-peak,29.03,1980,30.0,1980,100.0
觀園 (wind),2022,5,mid-peak,35.18,1872,30.0,1908,98.11
觀園 (wind),2022,5,off-peak,37.8,2037,30.0,2124,95.9
觀園 (wind),2022,5,peak,32.23,432,30.0,432,100.0
觀園 (wind),2022,6,mid-peak,24.89,1506,30.0,1548,97.29
觀園 (wind),2022,6,off-peak,15.73,1949,30.0,1980,98.43
觀園 (wind),2022,6,peak,16.83,757,30.0,792,95.58
觀園 (wind),2022,7,mid-peak,16.31,1580,30.0,1584,99.75
觀園 (wind),2022,7,off-peak,12.94,2124,30.0,2124,100.0
觀園 (wind),2022,7,peak,9.74,756,30.0,756,100.0
觀園 (wind),2022,8,mid-peak,8.28,1596,30.0,1602,99.63
觀園 (wind),2022,8,off-peak,4.76,2034,30.0,2034,100.0
觀園 (wind),2022,8,peak,8.61,828,30.0,828,100.0
觀園 (wind),2022,9,mid-peak,42.96,1548,30.0,1548,100.0
觀園 (wind),2022,9,off-peak,35.47,1980,30.0,1980,100.0
觀園 (wind),2022,9,peak,38.38,792,30.0,792,100.0
觀園 (wind),2022,10,mid-peak,60.96,1976,30.0,1980,99.8
觀園 (wind),2022,10,off-peak,55.25,2124,30.0,2124,100.0
觀園 (wind),2022,10,peak,59.42,348,30.0,360,96.67
觀園 (wind),2022,11,mid-peak,43.92,2329,30.0,2340,99.53
觀園 (wind),2022,11,off-peak,44.12,1980,30.0,1980,100.0
觀園 (wind),2022,12,mid-peak,57.48,2424,30.0,2430,99.75
觀園 (wind),2022,12,off-peak,60.78,2033,30.0,2034,99.95
觀園 (wind),2023,1,mid-peak,48.63,2328,30.0,2340,99.49
觀園 (wind),2023,1,off-peak,48.73,2124,30.0,2124,100.0
觀園 (wind),2023,2,mid-peak,44.89,2159,30.0,2160,99.95
觀園 (wind),2023,2,off-peak,43.4,1871,30.0,1872,99.95
觀園 (wind),2023,3,mid-peak,32.08,2339,30.0,2430,96.26
觀園 (wind),2023,3,off-peak,36.22,2026,30.0,2034,99.61
觀園 (wind),2023,4,mid-peak,24.42,2140,30.0,2250,95.11
觀園 (wind),2023,4,off-peak,27.14,1884,30.0,2070,91.01
觀園 (wind),2023,5,mid-peak,16.22,1995,30.0,1998,99.85
觀園 (wind),2023,5,off-peak,15.19,2034,30.0,2034,100.0
觀園 (wind),2023,5,peak,11.87,432,30.0,432,100.0
觀園 (wind),2023,6,mid-peak,13.06,1543,30.0,1548,99.68
觀園 (wind),2023,6,off-peak,6.52,1980,30.0,1980,100.0
觀園 (wind),2023,6,peak,8.71,790,30.0,792,99.75
觀園 (wind),2023,7,mid-peak,27.6,1507,30.0,1584,95.14
觀園 (wind),2023,7,off-peak,20.15,2056,30.0,2124,96.8
觀園 (wind),2023,7,peak,28.38,665,30.0,756,87.96
觀園 (wind),2023,8,mid-peak,29.55,1574,30.0,1602,98.25
觀園 (wind),2023,8,off-peak,25.93,2031,30.0,2034,99.85
觀園 (wind),2023,8,peak,26.29,775,30.0,828,93.6
觀園 (wind),2023,9,mid-peak,28.39,1567,30.0,1584,98.93
觀園 (wind),2023,9,off-peak,18.37,1964,30.0,1980,99.19
觀園 (wind),2023,9,peak,24.79,754,30.0,756,99.74
觀園 (wind),2023,10,mid-peak,42.16,1961,30.0,1980,99.04
觀園 (wind),2023,10,off-peak,44.27,2120,30.0,2124,99.81
觀園 (wind),2023,10,peak,56.83,342,30.0,360,95.0
觀園 (wind),2023,11,mid-peak,49.36,2338,30.0,2340,99.91
觀園 (wind),2023,11,off-peak,45.16,1980,30.0,1980,100.0
觀園 (wind),2023,12,mid-peak,50.76,2324,30.0,2340,99.32
觀園 (wind),2023,12,off-peak,59.05,1961,30.0,2124,92.33
離岸一期 (wind),2022,1,mid-peak,54.05,2180,109.2,2340,93.16
離岸一期 (wind),2022,1,off-peak,48.59,2044,109.2,2124,96.23
離岸一期 (wind),2022,2,mid-peak,37.52,2160,109.2,2160,100.0
離岸一期 (wind),2022,2,off-peak,38.89,1872,109.2,1872,100.0
離岸一期 (wind),2022,3,mid-peak,33.03,2430,109.2,2430,100.0
離岸一期 (wind),2022,3,off-peak,32.53,2034,109.2,2034,100.0
離岸一期 (wind),2022,4,mid-peak,32.69,2340,109.2,2340,100.0
離岸一期 (wind),2022,4,off-peak,31.31,1980,109.2,1980,100.0
離岸一期 (wind),2022,5,mid-peak,27.79,1872,109.2,1908,98.11
離岸一期 (wind),2022,5,off-peak,29.07,2037,109.2,2124,95.9
離岸一期 (wind),2022,5,peak,27.78,432,109.2,432,100.0
離岸一期 (wind),2022,6,mid-peak,15.39,1506,109.2,1548,97.29
離岸一期 (wind),2022,6,off-peak,12.92,1949,109.2,1980,98.43
離岸一期 (wind),2022,6,peak,11.06,757,109.2,792,95.58
離岸一期 (wind),2022,7,mid-peak,6.11,1580,109.2,1584,99.75
離岸一期 (wind),2022,7,off-peak,5.94,2124,109.2,2124,100.0
離岸一期 (wind),2022,7,peak,5.25,756,109.2,756,100.0
離岸一期 (wind),2022,8,mid-peak,4.4,1596,109.2,1602,99.63
離岸一期 (wind),2022,8,off-peak,1.27,2034,109.2,2034,100.0
離岸一期 (wind),2022,8,peak,6.6,828,109.2,828,100.0
離岸一期 (wind),2022,9,mid-peak,33.11,1548,109.2,1548,100.0
離岸一期 (wind),2022,9,off-peak,27.04,1980,109.2,1980,100.0
離岸一期 (wind),2022,9,peak,30.67,792,109.2,792,100.0
離岸一期 (wind),2022,10,mid-peak,29.58,1976,109.2,1980,99.8
離岸一期 (wind),2022,10,off-peak,30.21,2124,109.2,2124,100.0
離岸一期 (wind),2022,10,peak,34.84,348,109.2,360,96.67
離岸一期 (wind),2022,11,mid-peak,31.44,2329,109.2,2340,99.53
離岸一期 (wind),2022,11,off-peak,28.33,1980,109.2,1980,100.0
離岸一期 (wind),2022,12,mid-peak,59.81,2424,109.2,2430,99.75
離岸一期 (wind),2022,12,off-peak,53.65,2033,109.2,2034,99.95
離岸一期 (wind),2023,1,mid-peak,51.5,2328,109.2,2340,99.49
離岸一期 (wind),2023,1,off-peak,49.84,2124,109.2,2124,100.0
離岸一期 (wind),2023,2,mid-peak,43.36,2159,109.2,2160,99.95
離岸一期 (wind),2023,2,off-peak,45.4,1871,109.2,1872,99.95
離岸一期 (wind),2023,3,mid-peak,34.59,2339,109.2,2430,96.26
離岸一期 (wind),2023,3,off-peak,36.2,2026,109.2,2034,99.61
離岸一期 (wind),2023,4,mid-peak,28.08,2140,109.2,2250,95.11
離岸一期 (wind),2023,4,off-peak,27.64,1884,109.2,2070,91.01
離岸一期 (wind),2023,5,mid-peak,22.17,1995,109.2,1998,99.85
離岸一期 (wind),2023,5,off-peak,18.74,2034,109.2,2034,100.0
離岸一期 (wind),2023,5,peak,25.14,432,109.2,432,100.0
離岸一期 (wind),2023,6,mid-peak,7.32,1543,109.2,1548,99.68
離岸一期 (wind),2023,6,off-peak,5.39,1980,109.2,1980,100.0
離岸一期 (wind),2023,6,peak,9.28,790,109.2,792,99.75
離岸一期 (wind),2023,7,mid-peak,12.64,1507,109.2,1584,95.14
離岸一期 (wind),2023,7,off-peak,9.54,2056,109.2,2124,96.8
離岸一期 (wind),2023,7,peak,16.63,665,109.2,756,87.96
離岸一期 (wind),2023,8,mid-peak,17.36,1574,109.2,1602,98.25
離岸一期 (wind),2023,8,off-peak,13.59,2031,109.2,2034,99.85
離岸一期 (wind),2023,8,peak,20.8,775,109.2,828,93.6
離岸一期 (wind),2023,9,mid-peak,7.68,1567,109.2,1584,98.93
離岸一期 (wind),2023,9,off-peak,4.08,1964,109.2,1980,99.19
離岸一期 (wind),2023,9,peak,16.28,754,109.2,756,99.74
離岸一期 (wind),2023,10,mid-peak,45.39,1961,109.2,1980,99.04
離岸一期 (wind),2023,10,off-peak,45.56,2120,109.2,2124,99.81
離岸一期 (wind),2023,10,peak,67.56,342,109.2,360,95.0
離岸一期 (wind),2023,11,mid-peak,44.68,2338,109.2,2340,99.91
離岸一期 (wind),2023,11,off-peak,36.85,1980,109.2,1980,100.0
離岸一期 (wind),2023,12,mid-peak,40.5,2324,109.2,2340,99.32
離岸一期 (wind),2023,12,off-peak,42.01,1961,109.2,2124,92.33
離岸風力台電自有 (wind),2022,1,mid-peak,0.0,160,0.0,2340,6.84
離岸風力台電自有 (wind),2022,1,off-peak,0.0,80,0.0,2124,3.77
離岸風力購電 (wind),2022,1,mid-peak,0.0,320,0.0,2340,13.68
離岸風力購電 (wind),2022,1,off-peak,0.0,160,0.0,2124,7.53
